timestamp,region,user_id,age,gender,income_level,channel_type,channel_name,channel_id,ad_cost,sales,homepage_visits,branded_searches,conversion_rate,bounce_rate,top_searched_words,search_volume,share_of_voice,brand_awareness,recall_score,social_sentiment,engagement
2024-04-07 00:00:00,West,user_4,20,Other,Medium,Online,Google Analytics,google_analytics_01,384.94597611636954,198.20657328589036,2900,523,0.09327245005489053,0.7119215637923073,product_x,7034,0.23935383657480216,0.5247871887168212,0.660478062915857,-0.4481546112389063,64
2024-04-07 01:00:00,West,user_55,33,F,Low,Online,Google Analytics,google_analytics_01,211.1696937924201,794.6691651254995,5410,645,0.06210805485553069,0.6880927933376999,brand_z,5589,0.23848671234051122,0.283096366856378,0.30040847121077646,0.537162661826404,354
2024-04-07 02:00:00,West,user_71,47,F,High,Online,Google Analytics,google_analytics_01,411.9790439741295,908.8198058418232,2710,801,0.056624882052755766,0.7268468058502853,promo_y,2546,0.3826820648030883,0.8863977589425065,0.37649477531914377,-0.5474551399936276,231
2024-04-07 03:00:00,Central,user_92,57,M,Medium,Online,Google Analytics,google_analytics_01,425.9222605543482,944.2645768920186,1204,595,0.13389500314528227,0.525538673810451,promo_y,7065,0.08570117996241364,0.3502871212243488,0.5918126875553119,0.38470861230882836,327
2024-04-07 04:00:00,East,user_28,19,F,Medium,Online,Google Analytics,google_analytics_01,109.93705707583574,960.5342483613928,7461,175,0.06365979354990818,0.8119194775099181,brand_z,2094,0.2487600235090249,0.2470639260633928,0.4754740767081188,-0.5333343547013467,442
2024-04-07 05:00:00,East,user_4,34,Other,Medium,Online,Google Analytics,google_analytics_01,330.38997367421365,526.2450423342573,4299,31,0.07909013890161715,0.34240553259526385,promo_y,3411,0.22069275491931928,0.6163931656513366,0.24420304087885567,0.2506603399089078,51
2024-04-07 06:00:00,West,user_22,58,M,Medium,Online,Google Analytics,google_analytics_01,238.77949306067595,977.5348289115886,3954,163,0.04966266673949029,0.2891704912002375,promo_y,3617,0.3024862383678615,0.7172066739931229,0.25384276217876345,0.49415653425805783,373
2024-04-07 07:00:00,West,user_76,29,Other,Medium,Online,Google Analytics,google_analytics_01,440.6775852711351,759.7371050630944,7363,948,0.12014773046999781,0.39985614608295805,product_x,9954,0.4997832745927149,0.2227104122330309,0.47633030934651965,-0.5625722221869216,430
2024-04-07 08:00:00,West,user_45,52,M,Medium,Online,Google Analytics,google_analytics_01,111.79163619234478,170.05472187459227,2014,448,0.06564274196587282,0.5721041777424952,brand_z,5145,0.3870299581002031,0.6611023471089155,0.7815546804479506,-0.8801133982773834,375
2024-04-07 09:00:00,West,user_67,60,M,Low,Online,Google Analytics,google_analytics_01,340.5175341534719,482.1311054032903,7465,304,0.08190554651620542,0.5573932567865367,brand_z,3775,0.20495419447853933,0.5726043131660181,0.9081681821630097,-0.7380525140116518,262
2024-04-07 10:00:00,Central,user_86,18,M,High,Online,Google Analytics,google_analytics_01,305.8373005150977,721.147863618284,3172,228,0.045470003808352595,0.7744191303736105,brand_z,7628,0.415500995614283,0.2722855062125339,0.17571489603344456,0.21199393454205095,266
2024-04-07 11:00:00,East,user_66,62,M,High,Online,Google Analytics,google_analytics_01,151.17423139805723,254.8669126608925,9298,678,0.14827234292777525,0.4831980594828122,promo_y,4155,0.09364709802311529,0.3207667138624535,0.4537935168034609,0.6988928124514711,358
2024-04-07 12:00:00,West,user_88,32,F,Medium,Online,Google Analytics,google_analytics_01,72.61744730733044,644.2090317133985,506,504,0.050809403729321204,0.5390410984040561,brand_z,4970,0.02492720629139046,0.5975820081212564,0.19022100735058897,-0.9100063575291513,316
2024-04-07 13:00:00,Central,user_34,43,Other,High,Online,Google Analytics,google_analytics_01,327.5616814362519,669.9344742561531,266,239,0.11790395432677722,0.20935737828157697,brand_z,8972,0.11017970250749379,0.4074503294593019,0.1149332325693381,0.4683025180832925,323
2024-04-07 14:00:00,West,user_91,54,Other,High,Online,Google Analytics,google_analytics_01,370.6057417755037,171.07274637048022,608,29,0.06984939104994628,0.48681746551005733,product_x,9775,0.17680166249598725,0.8568210100559213,0.6955468143795609,-0.31736270809989575,408
2024-04-07 15:00:00,West,user_55,38,Other,High,Online,Google Analytics,google_analytics_01,161.23553516285824,569.4344593282287,1761,996,0.03887043671177958,0.6534419630652395,product_x,6415,0.26018457115518434,0.7731181606388355,0.642204497769929,-0.042943260160954955,395
2024-04-07 16:00:00,East,user_1,48,M,Medium,Online,Google Analytics,google_analytics_01,324.19213899104534,773.9106418688216,3764,562,0.12196062695508054,0.21085583143861453,product_x,5331,0.31141327886518794,0.8884970445595641,0.2467172024333976,0.8577190996911312,153
2024-04-07 17:00:00,West,user_72,42,F,Medium,Online,Google Analytics,google_analytics_01,200.5897992676941,503.9067078905825,3589,959,0.05670495046406604,0.39661737563037064,promo_y,2942,0.45619680143506663,0.38176958726528976,0.3104315497837577,-0.33605699052830906,357
2024-04-07 18:00:00,East,user_87,40,Other,High,Online,Google Analytics,google_analytics_01,358.0374072248958,21.982085608346353,780,157,0.13112706863569354,0.34556945150257296,brand_z,7026,0.25982846467972426,0.8788065429585838,0.12133697828006655,-0.0693261321210279,365
2024-04-07 19:00:00,East,user_38,41,F,High,Online,Google Analytics,google_analytics_01,103.61156107255628,18.948084388499254,2624,117,0.13813600588849523,0.22938980023671177,product_x,9301,0.2556250658666074,0.5018637088540905,0.8514524851249633,-0.9726351704786378,139
2024-04-07 20:00:00,East,user_6,55,M,Medium,Online,Google Analytics,google_analytics_01,445.6564263049063,363.4590505303121,2220,412,0.13037533695477863,0.5354820629401762,product_x,1191,0.03461907481326124,0.44326315671962824,0.9772215364436964,-0.8368025599903233,426
2024-04-07 21:00:00,Central,user_86,45,Other,Low,Online,Google Analytics,google_analytics_01,147.26775025046197,926.9321277474642,5360,605,0.014901108072952791,0.32720630525970956,product_x,1861,0.027106660801549665,0.23524466887854728,0.22191358311522175,-0.48281681773043195,50
2024-04-07 22:00:00,Central,user_25,38,F,High,Online,Google Analytics,google_analytics_01,187.05406393929567,236.39001180757268,4457,492,0.12023226830071476,0.7201570777419661,brand_z,7711,0.28006838133902234,0.23693568050172184,0.30832769238876834,-0.9442955183578512,116
2024-04-07 23:00:00,East,user_82,60,M,Low,Online,Google Analytics,google_analytics_01,33.75551627977315,638.0200519829702,1463,376,0.06758752530988013,0.793549518634344,brand_z,1649,0.22470752049168882,0.6844078791626582,0.8815685715522407,0.26275065209650195,420
2024-04-08 00:00:00,West,user_17,35,F,High,Online,Google Analytics,google_analytics_01,60.19854509903182,229.85511198638736,9623,843,0.1323212088255115,0.5819096278684035,brand_z,5134,0.4211983935403463,0.5205502961038195,0.9338174181605663,-0.14720328639675495,45
2024-04-08 01:00:00,East,user_61,53,Other,Low,Online,Google Analytics,google_analytics_01,260.3516418426024,328.45328976295315,2392,423,0.0993135967758634,0.887195139764799,promo_y,8587,0.08873299650880413,0.358565138225274,0.47766464452612933,0.09629040545604406,308
2024-04-08 02:00:00,West,user_12,52,Other,Low,Online,Google Analytics,google_analytics_01,137.4583749803459,849.5616687054692,1638,318,0.12671003878015416,0.5153350000294168,promo_y,9828,0.022236114437354303,0.6297792144276628,0.14556022504216673,-0.6507056282073409,87
2024-04-08 03:00:00,East,user_6,62,M,Low,Online,Google Analytics,google_analytics_01,418.5627117423862,731.5728278472474,3508,811,0.07992044778135694,0.5593577471574409,product_x,2036,0.23002899628576168,0.3770006827750778,0.13545265032353748,-0.40813594112676777,207
2024-04-08 04:00:00,West,user_90,26,M,Medium,Online,Google Analytics,google_analytics_01,12.273227384202151,104.44528454007852,7842,927,0.08490357064385058,0.8924524277704251,brand_z,5131,0.12636449280860618,0.6043422280410958,0.6165548794621094,0.3276489497054502,376
2024-04-08 05:00:00,Central,user_27,55,M,Low,Online,Google Analytics,google_analytics_01,192.65155409260842,434.4150007765693,8852,844,0.030214268498713413,0.3620839051755342,product_x,3148,0.03431104293603035,0.4514461228878832,0.45360559800386113,0.9306054472607996,268
2024-04-08 06:00:00,West,user_8,47,F,Low,Online,Google Analytics,google_analytics_01,171.98604565070087,38.87806600881183,9391,143,0.11975823021650975,0.8597821577738336,brand_z,6457,0.3650531605553382,0.7764865586282732,0.12578718481988907,-0.8991664527955816,88
2024-04-08 07:00:00,East,user_83,61,F,Low,Online,Google Analytics,google_analytics_01,14.567177304212512,486.0812451369789,2003,728,0.06871454563337602,0.22998628858337927,brand_z,7079,0.06468056997905126,0.7744873125367455,0.6249271530813011,0.7807686417105322,380
2024-04-08 08:00:00,Central,user_65,51,F,High,Online,Google Analytics,google_analytics_01,66.56235750525255,665.8096715840574,274,292,0.08001121655802156,0.5124708231842363,brand_z,3430,0.30807655500380815,0.5341452786856808,0.11017228293012023,0.15376240262241692,117
2024-04-08 09:00:00,West,user_57,49,M,Low,Online,Google Analytics,google_analytics_01,209.75312408472445,127.31759736217005,2330,787,0.11991367997339905,0.24900245849314606,promo_y,2879,0.1477143775817757,0.4455733765345109,0.8086347623343456,0.12783913351124743,53
2024-04-08 10:00:00,West,user_93,20,Other,High,Online,Google Analytics,google_analytics_01,248.96796930148608,295.996089520074,4387,82,0.09383835601112145,0.7104643200395502,promo_y,8542,0.09501306467396078,0.4537918575913662,0.3757895404330345,0.0005570704155206663,440
2024-04-08 11:00:00,West,user_99,20,Other,Low,Online,Google Analytics,google_analytics_01,205.1234248911602,403.8582592471354,4260,490,0.03815382184197344,0.6258862551160125,brand_z,3011,0.19607824623046557,0.7640001679677524,0.1362322027083089,-0.8612118281916332,115
2024-04-08 12:00:00,West,user_40,45,F,Low,Online,Google Analytics,google_analytics_01,267.81415081398643,920.3357144094892,7206,361,0.09263257228112497,0.6946439844273175,product_x,4373,0.4027084303492473,0.4297256379583284,0.629516998884838,-0.8202462965276787,117
2024-04-08 13:00:00,West,user_14,61,F,Medium,Online,Google Analytics,google_analytics_01,299.59017907831236,993.3224652687344,9789,569,0.0670686001171518,0.46213627997761186,brand_z,8357,0.20212585268324063,0.34634156159479224,0.4579159729897493,0.20182401131817218,259
2024-04-08 14:00:00,Central,user_35,32,Other,High,Online,Google Analytics,google_analytics_01,9.912291458278638,54.462186005659696,3271,335,0.07573357588614076,0.4586373538219662,brand_z,2289,0.3778771281134173,0.25928183931271476,0.9764203720214345,-0.3180828571288834,74
2024-04-08 15:00:00,Central,user_48,58,Other,Low,Online,Google Analytics,google_analytics_01,234.72710392948443,763.3978442604381,1667,754,0.013963578416373489,0.23172349527262623,product_x,2447,0.07148828543158384,0.5266851846190859,0.589778796253332,0.8345361331553613,479
2024-04-08 16:00:00,Central,user_84,40,F,High,Online,Google Analytics,google_analytics_01,481.9321242393562,378.0068257383198,1251,452,0.03940410893227942,0.44496145767074785,brand_z,4199,0.38865799563588876,0.5374924692438894,0.34771526293330746,-0.18681892528105548,304
2024-04-08 17:00:00,Central,user_56,57,F,High,Online,Google Analytics,google_analytics_01,261.9209786641266,398.5336043671852,7719,109,0.049345331393343954,0.8505018815834415,product_x,7381,0.12609732920425784,0.788636097282035,0.7384949781705773,-0.7134370825947178,6
2024-04-08 18:00:00,East,user_49,28,Other,Medium,Online,Google Analytics,google_analytics_01,340.38342239218184,756.7223236135525,6133,68,0.10981440110023279,0.46545857602631424,promo_y,8522,0.34192263364554765,0.35486708751224477,0.3443428022884402,0.42943766700407204,365
2024-04-08 19:00:00,Central,user_13,49,M,Medium,Online,Google Analytics,google_analytics_01,159.3726096688572,919.2421678239546,8660,517,0.011608946261736143,0.781957394355379,promo_y,7059,0.2872329618720882,0.46669389156787994,0.9138189622668086,-0.4132931571179803,121
2024-04-08 20:00:00,West,user_61,53,F,Medium,Online,Google Analytics,google_analytics_01,388.12573218561744,951.4193085575229,5046,267,0.06722881657207848,0.7896278533249539,product_x,4183,0.4652809114337268,0.7658840172255836,0.43724977345663885,0.05094061471178635,10
2024-04-08 21:00:00,West,user_49,50,Other,Medium,Online,Google Analytics,google_analytics_01,387.59613352867694,581.3513601779375,8334,422,0.1393637618596026,0.46126880946546367,promo_y,6462,0.1997880338079039,0.7765365275242815,0.5948817064985847,0.39566557101034006,347
2024-04-08 22:00:00,Central,user_46,41,Other,Medium,Online,Google Analytics,google_analytics_01,263.0415435887988,363.5499477074978,2007,461,0.025663286316877337,0.6423920762773323,promo_y,4216,0.04242094252887582,0.4692277531851377,0.14551579344180599,0.8005282224041408,437
2024-04-08 23:00:00,West,user_62,56,Other,Medium,Online,Google Analytics,google_analytics_01,488.1268425232107,789.6735950001914,3590,74,0.08229941435060553,0.26676012159114104,product_x,4136,0.01938618792011392,0.5213868163006766,0.4835091141570077,0.5843823896033522,488
2024-04-09 00:00:00,Central,user_8,51,Other,Medium,Online,Google Analytics,google_analytics_01,67.14735630751342,258.49136942967726,2635,604,0.12011313353471857,0.2725750065139936,promo_y,4318,0.41516069487664903,0.4123001235944981,0.8491271856948954,0.3527221357454482,214
2024-04-09 01:00:00,West,user_43,45,M,Medium,Online,Google Analytics,google_analytics_01,13.389094120342591,568.4332885451826,4273,163,0.14195438305281632,0.23406036456319934,brand_z,3782,0.26712046245410176,0.8527884148935183,0.8250839248270078,0.3592663647902872,428
2024-04-09 02:00:00,East,user_20,54,Other,Low,Online,Google Analytics,google_analytics_01,386.2283148197625,364.99267690962444,1393,994,0.1145487295347205,0.6067105653625766,brand_z,8657,0.38986958539912514,0.28305063601910624,0.30188670296817366,0.8918492880641731,278
2024-04-09 03:00:00,East,user_97,24,F,High,Online,Google Analytics,google_analytics_01,404.54199099561686,660.0647629707973,4869,275,0.11087917681021685,0.4982496843382679,product_x,5920,0.12486854400564219,0.8536245961010289,0.30347116390950646,-0.4083518050069279,497
2024-04-09 04:00:00,Central,user_90,21,M,Medium,Online,Google Analytics,google_analytics_01,64.50257841468525,247.99492376457184,4896,830,0.12570833262740672,0.5836226496649681,promo_y,7324,0.17909103530148454,0.6787065162847402,0.8355747809919131,-0.9977758116076252,27
2024-04-09 05:00:00,Central,user_39,54,Other,Medium,Online,Google Analytics,google_analytics_01,136.46350231451,199.67701627747752,6971,88,0.0724681709368561,0.5647512333558715,brand_z,7327,0.02475089738354628,0.5721005068807119,0.937358578152393,-0.45609088120360264,234
2024-04-09 06:00:00,Central,user_85,18,M,High,Online,Google Analytics,google_analytics_01,13.68841986648131,919.0566958086827,3072,324,0.12281823456649661,0.4451420937635112,brand_z,9417,0.48113123904131494,0.22286134254914713,0.1858248291457032,-0.564217240746512,366
2024-04-09 07:00:00,West,user_49,18,F,Low,Online,Google Analytics,google_analytics_01,150.18776233637954,110.78564612004153,4022,671,0.011115016664363158,0.674231390376431,promo_y,1776,0.3372552742833986,0.5329173342754058,0.5050527754836027,0.32366917022799635,312
2024-04-09 08:00:00,Central,user_64,64,Other,High,Online,Google Analytics,google_analytics_01,387.7052275897424,510.89832865758234,5097,956,0.1394385477527527,0.7309513166414734,promo_y,6208,0.46727049300206003,0.48542367350191257,0.4037088510678061,0.2674231995310581,25
2024-04-09 09:00:00,East,user_62,37,F,High,Online,Google Analytics,google_analytics_01,261.39046121772657,228.64425513337883,7132,569,0.07206291133240454,0.210239781214373,brand_z,1687,0.14009323964024545,0.3128531683825858,0.8836196099116954,0.18692276540944763,408
2024-04-09 10:00:00,West,user_54,36,Other,Medium,Online,Google Analytics,google_analytics_01,177.30731861830262,48.540663692410774,1092,926,0.08747322630120465,0.34506960983821483,brand_z,1529,0.30961716950057383,0.6594867224504598,0.1751724232120169,-0.9675131135810926,53
2024-04-09 11:00:00,Central,user_9,46,Other,High,Online,Google Analytics,google_analytics_01,189.0109509786335,45.65863010851213,8212,900,0.04568351484808352,0.6992651076583358,product_x,6067,0.3424649844633925,0.8798056351578001,0.2900133483022337,0.45755610890129494,28
2024-04-09 12:00:00,West,user_88,27,Other,High,Online,Google Analytics,google_analytics_01,5.670044729156737,183.46955438476908,5387,257,0.11395431659765898,0.47063412084368395,product_x,9080,0.16559935312621835,0.5935321677451676,0.7772215038278449,-0.35293917502901695,466
2024-04-09 13:00:00,West,user_37,35,Other,Medium,Online,Google Analytics,google_analytics_01,153.40126114479176,868.1026509609403,2340,799,0.02072901290653483,0.6637387628591257,brand_z,6518,0.4255735251576587,0.7003272935107621,0.14616446408309403,0.3301119780132622,352
2024-04-09 14:00:00,Central,user_49,45,Other,Medium,Online,Google Analytics,google_analytics_01,324.9970771107756,289.6539565372564,1576,877,0.13216901235655693,0.44287386181419086,product_x,3153,0.47410911682112145,0.24791531679621176,0.5432818426428604,0.11315685700430667,163
2024-04-09 15:00:00,West,user_41,52,M,Medium,Online,Google Analytics,google_analytics_01,487.2262496890968,950.9545788695427,6526,619,0.125936356060888,0.473528606630746,brand_z,7094,0.44357900767104214,0.4923668970718963,0.49789633121174803,-0.31453814914418565,269
2024-04-09 16:00:00,East,user_17,60,Other,Medium,Online,Google Analytics,google_analytics_01,424.29510935703024,585.8060700593016,489,423,0.04024841627426729,0.31107521158277945,brand_z,7974,0.37214281821029255,0.2814509396151471,0.40096106108987384,-0.7308474657917845,333
2024-04-09 17:00:00,East,user_88,64,Other,High,Online,Google Analytics,google_analytics_01,16.679507499536918,442.2480478710784,1099,34,0.12330541575993671,0.380761713766312,product_x,5774,0.1459576930652275,0.6289570848755572,0.45511508378703147,-0.8111622046790381,34
2024-04-09 18:00:00,West,user_21,48,M,High,Online,Google Analytics,google_analytics_01,449.7874993140455,584.28794632276,1955,293,0.12009008262860739,0.623788230255311,product_x,8692,0.14799186063175956,0.8569375107499082,0.5769465282372097,0.6630366662244471,285
2024-04-09 19:00:00,Central,user_51,44,M,Low,Online,Google Analytics,google_analytics_01,392.68321458281986,521.5314013740051,8225,458,0.09851032368555285,0.5032141779206165,promo_y,4103,0.4820465570185586,0.6632444127301469,0.2452306225495448,0.836795084163116,347
2024-04-09 20:00:00,West,user_59,28,M,Low,Online,Google Analytics,google_analytics_01,391.2861811676353,761.1884912197519,8950,890,0.06229282476595625,0.7420118780612166,promo_y,3440,0.015039403008489095,0.25376213382009505,0.6147962904552335,0.29957609352859915,272
2024-04-09 21:00:00,East,user_39,55,M,High,Online,Google Analytics,google_analytics_01,231.70790070676787,289.67110531312375,2863,310,0.0480098255854615,0.7968094684568399,promo_y,5135,0.3608644868886508,0.44826634348955796,0.8248890963699876,-0.7931317702790333,450
2024-04-09 22:00:00,West,user_55,22,M,Low,Online,Google Analytics,google_analytics_01,202.0126200124789,359.51988768429936,3763,77,0.042449702640509006,0.5791524927517319,brand_z,8124,0.35606061965207847,0.585464365608596,0.7841448368111431,-0.19594556622351855,207
2024-04-09 23:00:00,West,user_41,25,M,High,Online,Google Analytics,google_analytics_01,154.94328577243036,895.1533595079183,5086,16,0.054605254786905,0.7307871044392413,product_x,6201,0.31511787506540073,0.4822454292932765,0.23850991422439632,0.45787840021031445,237
2024-04-10 00:00:00,East,user_39,51,Other,Low,Online,Google Analytics,google_analytics_01,37.51895518241106,946.9919480189014,1581,826,0.13649818208055425,0.414833159236199,brand_z,1844,0.4951533345825642,0.7835508073326205,0.23432452276732652,0.5596417680201362,413
2024-04-10 01:00:00,West,user_13,29,Other,Medium,Online,Google Analytics,google_analytics_01,117.97650492938105,893.6326452116098,7356,146,0.02086970863842938,0.49047985078005474,product_x,1446,0.16282092352422536,0.7702697032969925,0.34135693097042197,-0.7635627554178228,499
2024-04-10 02:00:00,West,user_64,55,F,Low,Online,Google Analytics,google_analytics_01,127.06879931412219,425.25351401774043,3831,173,0.1260419786754142,0.6989443733517817,brand_z,4915,0.17658621325869162,0.628281714072255,0.42496725370693356,-0.9999385623092352,92
2024-04-10 03:00:00,Central,user_11,18,Other,Medium,Online,Google Analytics,google_analytics_01,244.6181495065498,782.5618479768128,7362,92,0.058844610505855294,0.47034839497192144,promo_y,4109,0.04868030744381222,0.4614205615928937,0.46761002326763434,0.42427409176121,172
2024-04-10 04:00:00,Central,user_19,48,Other,Medium,Online,Google Analytics,google_analytics_01,374.9849812653635,481.5723759680878,551,906,0.08302391544159013,0.6119534546112921,promo_y,2234,0.22697108690643136,0.3787354616342709,0.7117274951500108,-0.28680764802758874,78
2024-04-10 05:00:00,East,user_11,21,M,Medium,Online,Google Analytics,google_analytics_01,239.53586505698357,502.56445362464115,9829,659,0.12122798871078867,0.329760945357758,promo_y,7587,0.13791377785507558,0.27411202274919055,0.15101238894925187,-0.4910373367634795,109
2024-04-10 06:00:00,East,user_77,62,M,Medium,Online,Google Analytics,google_analytics_01,33.6330024763445,212.6333079667111,3193,429,0.13381271658321597,0.6198399204793485,brand_z,1226,0.17825948406704567,0.4484283784405878,0.13120543380345975,-0.9742050604209491,216
2024-04-10 07:00:00,East,user_46,22,Other,Low,Online,Google Analytics,google_analytics_01,479.10595148916093,595.2190002259313,982,82,0.058269398810170576,0.8030595950588255,product_x,5143,0.41894017722525756,0.48922076204540366,0.4527195066495181,0.08059881352299936,434
2024-04-10 08:00:00,Central,user_45,47,F,High,Online,Google Analytics,google_analytics_01,471.6485379515856,194.27453877581445,4508,246,0.07465808737851544,0.8080477478763979,product_x,8185,0.4683874116284729,0.6730760475728514,0.7274473229241825,0.7023014708519635,357
2024-04-10 09:00:00,East,user_1,41,M,Medium,Online,Google Analytics,google_analytics_01,393.66882385846213,338.2490520765218,4168,55,0.0680322490743509,0.7070410844306778,promo_y,6558,0.10100920528254095,0.6607118770083014,0.2740918086608343,0.9152632925451758,105
2024-04-10 10:00:00,East,user_40,20,Other,Low,Online,Google Analytics,google_analytics_01,495.70731127428917,856.4798996037358,3377,627,0.011855144690547477,0.7220273653532883,promo_y,1186,0.19252937646119828,0.2490756977488799,0.6773540331306265,0.13148990122657844,46
2024-04-10 11:00:00,East,user_19,28,Other,Medium,Online,Google Analytics,google_analytics_01,274.5187547361301,215.00505111874668,8666,937,0.051432004440211926,0.5905492116054905,promo_y,3535,0.4650289754365431,0.4766815208018104,0.33384532414626955,0.02892265547978834,180
2024-04-10 12:00:00,Central,user_76,62,F,Low,Online,Google Analytics,google_analytics_01,481.570333375337,80.44670232169848,8051,809,0.07428649272255865,0.6092676631160774,promo_y,2932,0.04028614573771909,0.3272452070521533,0.8974774979321647,-0.8298872290215178,63
2024-04-10 13:00:00,West,user_72,21,F,Low,Online,Google Analytics,google_analytics_01,42.42449510529163,78.31751668668814,4790,271,0.06755310524326157,0.2935554069873626,product_x,3032,0.05525665877457547,0.30976889372176397,0.9061209498399548,0.09774560308519953,245
2024-04-10 14:00:00,East,user_72,43,M,Low,Online,Google Analytics,google_analytics_01,186.0119703893788,941.3766752980769,4695,185,0.1110700918521951,0.5107014318949108,brand_z,2252,0.08976758471105238,0.7791115048160722,0.3675584838531939,-0.24004184206921075,243
2024-04-10 15:00:00,West,user_61,44,F,High,Online,Google Analytics,google_analytics_01,116.56372766334908,511.85123358221625,4659,175,0.06387250641095445,0.5155433987204547,brand_z,6509,0.30165428872216865,0.2293406517013803,0.30699437856691647,0.21427056176715387,421
2024-04-10 16:00:00,East,user_12,63,Other,Low,Online,Google Analytics,google_analytics_01,101.93737664646366,415.31795109884814,7391,666,0.07851270285589382,0.8709484849674181,brand_z,6074,0.08373141279293876,0.49342801313148493,0.4701735748596082,-0.2225473042469066,319
2024-04-10 17:00:00,West,user_61,60,Other,Low,Online,Google Analytics,google_analytics_01,74.69745970187466,812.7697951978392,8260,851,0.07014520289853086,0.5017608038363026,brand_z,2881,0.4843574269108594,0.31774255903656273,0.3164784266621339,-0.5194017530992665,86
2024-04-10 18:00:00,Central,user_33,44,F,High,Online,Google Analytics,google_analytics_01,313.09475257516834,837.4676686314109,212,379,0.11368766084521185,0.5845398514319303,promo_y,1269,0.22889011835667497,0.8155311509749319,0.7051454589625332,-0.810069449543247,216
2024-04-10 19:00:00,Central,user_45,59,F,High,Online,Google Analytics,google_analytics_01,391.754318594916,338.86912278444856,5231,804,0.13081613585817475,0.5732759794953717,promo_y,2630,0.2557438005715815,0.5899283592925246,0.843458216093457,-0.37016311082220854,489
2024-04-10 20:00:00,East,user_90,23,F,Low,Online,Google Analytics,google_analytics_01,291.2577077130785,696.6818768990573,3297,63,0.08446447106105197,0.645733201931029,promo_y,5405,0.1308627217446492,0.36196644546379364,0.7057829178200953,-0.8067103314244954,6
2024-04-10 21:00:00,West,user_92,32,F,High,Online,Google Analytics,google_analytics_01,77.74654124616379,773.4115876933677,239,699,0.12052050718732675,0.723762981932327,brand_z,7139,0.2407705236930194,0.5516991010164635,0.8419154025244145,-0.6462060983520321,277
2024-04-10 22:00:00,Central,user_69,47,M,Medium,Online,Google Analytics,google_analytics_01,406.5062661170681,658.104179997295,1524,428,0.05155013548277908,0.35752931331961046,promo_y,2574,0.33433767999213565,0.712040451792181,0.45729294598672676,0.9746723171590919,336
2024-04-10 23:00:00,East,user_8,59,F,Medium,Online,Google Analytics,google_analytics_01,319.7975800460456,160.07912405209836,3049,765,0.0857917454220176,0.570107093368905,promo_y,2695,0.37807679710748093,0.8706826062436037,0.2406852736379748,-0.11179288618676275,209
2024-04-11 00:00:00,East,user_25,54,M,High,Online,Google Analytics,google_analytics_01,197.1420245328628,877.1242526818864,3268,516,0.05833219351379614,0.7781423951212212,product_x,4258,0.3793953605278574,0.3543122029717932,0.7641558526578329,0.0637435330100331,496
2024-04-11 01:00:00,Central,user_91,54,Other,High,Online,Google Analytics,google_analytics_01,338.69449629035114,543.7036072086486,8808,350,0.06798812958005623,0.524180299686258,product_x,4262,0.2931666452201033,0.8203272404905415,0.4244270546273985,0.7472370574744307,168
2024-04-11 02:00:00,Central,user_46,59,F,Low,Online,Google Analytics,google_analytics_01,133.65296472520225,289.64770210630365,6143,136,0.11253794107377359,0.3949202824615011,promo_y,2445,0.45313628974699005,0.8540128799172431,0.7041437427062193,0.9911378009813756,329
2024-04-11 03:00:00,East,user_87,54,M,High,Online,Google Analytics,google_analytics_01,175.8701432046342,430.975903583317,7089,418,0.13343274752657977,0.6582963527494093,product_x,7263,0.4105298451799936,0.8414943811724462,0.3435795477835891,0.16542889868936306,137
2024-04-11 04:00:00,West,user_30,52,F,Low,Online,Google Analytics,google_analytics_01,459.1554923503352,47.195379494918306,7336,933,0.027009354752287155,0.7766371770593861,product_x,9411,0.38095357620232645,0.6447900498033369,0.1731066713260054,0.6249476420883433,440
2024-04-11 05:00:00,West,user_47,40,Other,Medium,Online,Google Analytics,google_analytics_01,148.7997303073531,136.58813321019338,6361,376,0.09884949590823326,0.24419820504917394,promo_y,1052,0.037246705623425705,0.6408744581042953,0.993323615938987,-0.34611795132664946,390
2024-04-11 06:00:00,West,user_87,23,Other,High,Online,Google Analytics,google_analytics_01,237.64419273817862,767.8912830107023,987,280,0.09150013306089178,0.743753338385059,promo_y,6570,0.013370201487628164,0.4822474432286759,0.24058135713753936,-0.3885120851054178,495
2024-04-11 07:00:00,East,user_49,21,Other,Low,Online,Google Analytics,google_analytics_01,445.61986301102723,10.01151840781248,3204,653,0.02657810548463046,0.7751535530732399,promo_y,8579,0.11409916582578175,0.7266785176126516,0.9895788945671329,-0.1945925580108796,380
2024-04-11 08:00:00,Central,user_47,35,F,Low,Online,Google Analytics,google_analytics_01,355.3220683824261,422.40017019746927,149,614,0.039665206261615266,0.5230660493120247,promo_y,2666,0.33512656101759164,0.5719058128456523,0.9795519393098026,0.34501452534729826,305
2024-04-11 09:00:00,East,user_84,26,F,Medium,Online,Google Analytics,google_analytics_01,35.79059695152786,527.2850792747325,4051,388,0.05354034926257523,0.888313959772927,brand_z,7901,0.21148676955244747,0.674206649859806,0.8144362935172357,0.36438337851019753,229
2024-04-11 10:00:00,Central,user_82,46,M,High,Online,Google Analytics,google_analytics_01,77.91500691809031,64.08807580096257,3660,82,0.033370349914450204,0.7506958384951163,brand_z,3785,0.20717906705666275,0.4999205326941568,0.6934806658737979,-0.3695211307010984,474
2024-04-11 11:00:00,West,user_18,30,Other,Medium,Online,Google Analytics,google_analytics_01,8.881587432098826,973.3473813426095,118,932,0.04412212755340785,0.741563795426966,promo_y,1719,0.4434475752325107,0.7120475248301974,0.6200263452259762,-0.7335801517267426,307
2024-04-11 12:00:00,West,user_66,64,F,Low,Online,Google Analytics,google_analytics_01,317.30628616343586,233.8640779371752,4921,931,0.04746411184063905,0.7234870020884503,product_x,9597,0.44882579558460095,0.7771300623231843,0.8794913908400512,0.26479251293101713,160
2024-04-11 13:00:00,Central,user_68,34,Other,Low,Online,Google Analytics,google_analytics_01,226.59834557815708,311.1567324399181,6440,924,0.05699433662546834,0.3054256722527918,promo_y,7855,0.455495879386257,0.30250537962197127,0.36049556945753913,-0.743348275622471,0
2024-04-11 14:00:00,Central,user_94,62,Other,High,Online,Google Analytics,google_analytics_01,71.4660511966264,310.9030871324771,8158,257,0.11491466339216225,0.35206162051710754,promo_y,3294,0.16380025749236338,0.7830508009019597,0.5209130912363894,0.15698501645866014,235
2024-04-11 15:00:00,East,user_33,49,M,Low,Online,Google Analytics,google_analytics_01,479.1773899231014,238.1124954961764,9765,869,0.09006770853908408,0.5247930920250975,product_x,9263,0.3486173482422383,0.5782075722532151,0.6574509724298517,0.38684425611261797,436
2024-04-11 16:00:00,West,user_36,39,M,High,Online,Google Analytics,google_analytics_01,267.18156335308186,11.459083865448301,2706,794,0.1480745340731962,0.3848030449716261,brand_z,5482,0.14310025882444113,0.791266136363157,0.470071428282542,0.4012229927889033,187
2024-04-11 17:00:00,East,user_82,21,M,Medium,Online,Google Analytics,google_analytics_01,124.73718058588014,732.0513461471164,7946,52,0.06806301577544593,0.4906686806338283,promo_y,1698,0.10339881820648039,0.5019111944387102,0.48473780868124117,0.5069442213191935,417
2024-04-11 18:00:00,East,user_19,22,M,High,Online,Google Analytics,google_analytics_01,252.79876772158025,967.1770448012925,8743,386,0.11554111033716949,0.8219248769460445,promo_y,8243,0.10046990410021091,0.4653283397681245,0.39725620075187595,0.7457188431313291,3
2024-04-11 19:00:00,East,user_28,54,Other,High,Online,Google Analytics,google_analytics_01,341.41206470387834,232.05054845219462,6532,50,0.13200557899271473,0.7770288243154884,brand_z,6918,0.1776327342231611,0.8405425127620556,0.6078086350160824,-8.201607042312986e-05,400
2024-04-11 20:00:00,West,user_40,58,M,Low,Online,Google Analytics,google_analytics_01,42.73841289691442,666.4167198853881,3865,179,0.10505698902532586,0.6410279149359875,brand_z,1348,0.22067923369211265,0.3758184872838809,0.8655170752136044,0.46049837905914237,131
2024-04-11 21:00:00,East,user_84,30,M,Low,Online,Google Analytics,google_analytics_01,140.97838844870654,744.477363689128,2538,955,0.06766106365844943,0.8006842759757724,product_x,6374,0.4171650938169835,0.7909486277003002,0.28137554020568156,0.23834547073167345,426
2024-04-11 22:00:00,East,user_97,51,M,High,Online,Google Analytics,google_analytics_01,404.44791798757683,849.9411252996194,9841,221,0.11550324830440539,0.7486406723120744,brand_z,8869,0.06874663580162893,0.5388144007565829,0.9409897348780972,-0.6267201204046349,217
2024-04-11 23:00:00,East,user_76,62,M,Low,Online,Google Analytics,google_analytics_01,232.5341108493173,428.402905043473,6458,502,0.038513399288175876,0.5002894522886233,brand_z,1307,0.37011366522349815,0.5598668097858818,0.7201788883734067,-0.9486207102611837,259
2024-04-12 00:00:00,East,user_15,39,Other,Low,Online,Google Analytics,google_analytics_01,275.555685305986,309.90159658402496,8419,689,0.055857303125218534,0.3407456064349616,brand_z,4416,0.27041290795275963,0.4159277970426388,0.8409458914120271,-0.43091722864613247,0
2024-04-12 01:00:00,East,user_41,40,M,Low,Online,Google Analytics,google_analytics_01,219.24392109368728,332.0421826828008,6041,48,0.08653593571390042,0.5599407280065374,product_x,5820,0.1510932179112363,0.601129540433311,0.6005716233670104,-0.11393258732476119,70
2024-04-12 02:00:00,East,user_39,20,Other,High,Online,Google Analytics,google_analytics_01,26.730471608287534,715.4951197675277,7744,378,0.09055731422006075,0.7153602177699852,brand_z,4558,0.25148159642108403,0.4276478373933479,0.8015650312816571,0.2342118888573126,477
2024-04-12 03:00:00,West,user_2,59,F,Low,Online,Google Analytics,google_analytics_01,87.04614101097718,818.6116718405797,4955,766,0.013099806566168125,0.5054937191107152,brand_z,5478,0.1569716141907411,0.22748858996915663,0.11458035760552049,0.6999186610064108,177
2024-04-12 04:00:00,East,user_63,51,Other,High,Online,Google Analytics,google_analytics_01,225.543111177236,189.79782807903663,6647,160,0.14231598642584123,0.666740336848728,product_x,7531,0.3020801580667699,0.39039902374104923,0.8365423823015817,-0.6075085665876687,456
2024-04-12 05:00:00,Central,user_29,49,Other,Low,Online,Google Analytics,google_analytics_01,108.54680537692427,377.23159807618754,7296,120,0.10752781797043458,0.2660291984037305,brand_z,5620,0.22258352219906966,0.20446533038461348,0.13612497317682987,-0.7489004202030458,188
2024-04-12 06:00:00,East,user_74,62,M,Medium,Online,Google Analytics,google_analytics_01,29.739619186540974,902.9207947816585,6011,489,0.07939852503246474,0.7236033154599824,brand_z,3985,0.09055870924865057,0.8848483509397995,0.9009220387265763,0.926959894948655,290
2024-04-12 07:00:00,East,user_66,38,F,Low,Online,Google Analytics,google_analytics_01,422.6065837056527,808.6265844977919,6581,445,0.14063781281716317,0.7688995339251434,product_x,9112,0.06712570653229138,0.8760230468738233,0.992766472514779,-0.7839108812471858,7
2024-04-12 08:00:00,West,user_51,63,F,Low,Online,Google Analytics,google_analytics_01,490.69030193623735,985.009818734851,2861,56,0.07147337913511598,0.6947864990463788,promo_y,9467,0.2778808842153438,0.4766087082306135,0.3646607159591001,-0.04301785978562167,252
2024-04-12 09:00:00,West,user_75,61,F,High,Online,Google Analytics,google_analytics_01,397.60572262838605,756.7057770852599,4556,584,0.14726097983785205,0.8770845112684558,product_x,3547,0.4521823863101907,0.7098595980377522,0.2892867006572143,0.17112745758660375,407
2024-04-12 10:00:00,Central,user_77,38,F,High,Online,Google Analytics,google_analytics_01,427.6235362438102,399.26324901764303,9707,746,0.0817198660140879,0.7786564402224483,brand_z,1336,0.17853926641326592,0.44206426888729744,0.7888270274722367,0.08274884181487652,466
2024-04-12 11:00:00,Central,user_10,61,Other,Low,Online,Google Analytics,google_analytics_01,124.77867950693746,594.7314556546913,6461,375,0.026000007799717124,0.8321656095135768,brand_z,3979,0.36917005253908536,0.6697652099601832,0.32772370682822793,-0.8279356859341136,291
2024-04-12 12:00:00,West,user_14,28,F,Medium,Online,Google Analytics,google_analytics_01,480.51035287903386,664.4041117048471,5793,78,0.1170721361442988,0.8534997584203536,brand_z,4968,0.33274406392048583,0.7638010301321854,0.8790061448549831,-0.8859461719927613,433
2024-04-12 13:00:00,West,user_82,56,Other,Low,Online,Google Analytics,google_analytics_01,102.47822370444705,87.6712581539527,5888,308,0.10504568151089766,0.760943594311666,product_x,1910,0.4664619080116457,0.8627293712845685,0.19255833294172903,-0.7890331450779287,243
2024-04-12 14:00:00,East,user_51,21,Other,Low,Online,Google Analytics,google_analytics_01,475.957756129107,549.0519895128265,301,953,0.11821814098278213,0.6719811894045493,brand_z,2996,0.412280698476579,0.48014859309477037,0.21335967674142242,0.17117536774522502,122
2024-04-12 15:00:00,West,user_73,18,Other,Medium,Online,Google Analytics,google_analytics_01,497.43555051314576,712.2276201878835,6260,811,0.14320188402159534,0.20400300695255252,brand_z,4129,0.2876365768636769,0.7483085880692333,0.981236399590554,0.08868977526864219,298
2024-04-12 16:00:00,Central,user_39,45,F,High,Online,Google Analytics,google_analytics_01,357.3027888442941,175.64809096104977,617,305,0.11870850237114253,0.5260780272561874,product_x,6447,0.3319449441347126,0.3861499154424831,0.7064550084430041,-0.5325184159265115,282
2024-04-12 17:00:00,East,user_28,41,M,Low,Online,Google Analytics,google_analytics_01,490.6661472369518,782.8254002513016,7837,212,0.09558712431033055,0.5998136090356527,promo_y,7129,0.4502093686261771,0.8932326126555539,0.8621985019860575,0.2755482836911831,31
2024-04-12 18:00:00,Central,user_3,52,M,High,Online,Google Analytics,google_analytics_01,286.9221908857163,587.9350527089705,9633,70,0.1300232463305177,0.41282119071359974,promo_y,6850,0.20576420444759805,0.2180387191350458,0.3918964396163662,0.6401350041112988,333
2024-04-12 19:00:00,East,user_84,30,F,High,Online,Google Analytics,google_analytics_01,133.4731826721647,952.6995678406187,2088,955,0.1042545015096344,0.4226731128324305,brand_z,5204,0.17012940587031092,0.6224701645507846,0.708835374568544,-0.9168420803068125,376
2024-04-12 20:00:00,West,user_70,64,M,Medium,Online,Google Analytics,google_analytics_01,221.31296340448233,51.99807522482278,3902,972,0.06713666795562923,0.8728115909971157,product_x,8446,0.015297430981246207,0.6616541871559289,0.6348176445777375,-0.0037401129039151826,145
2024-04-12 21:00:00,Central,user_27,51,M,Medium,Online,Google Analytics,google_analytics_01,298.81266301249906,272.6728761799123,5908,839,0.13398676699384823,0.824197605641922,brand_z,9519,0.41501002635381745,0.6816318899518902,0.6428351081106523,0.37862082420538057,155
2024-04-12 22:00:00,East,user_2,28,Other,High,Online,Google Analytics,google_analytics_01,41.17537320337242,605.5383405068259,7262,323,0.0410660645098122,0.794425303851193,product_x,1314,0.4024805431976488,0.2842713051523623,0.7142792135839494,-0.49537614586062584,412
2024-04-12 23:00:00,East,user_93,53,Other,Low,Online,Google Analytics,google_analytics_01,313.0599159855368,303.5943130838714,6341,170,0.11004977848722138,0.4842082611942774,product_x,2134,0.06118271386907418,0.8569708484311913,0.6178232558161887,-0.3844581894137018,15
2024-04-13 00:00:00,West,user_38,34,F,High,Online,Google Analytics,google_analytics_01,490.68302919733577,717.2799224305298,8499,340,0.13341888369170596,0.2095889852862402,promo_y,5876,0.2926601167550231,0.326828295335058,0.4861561323723994,0.22727580597876762,354
